backend,phase,iteration,op_ms,disk_bytes,extra
leveldb,prefill,1000,0.000,0,0
leveldb,prefill,2000,0.000,0,0
leveldb,prefill,3000,0.000,0,0
leveldb,prefill,4000,0.000,0,0
leveldb,prefill,5000,0.000,4898525,0
leveldb,prefill,6000,0.000,0,0
leveldb,prefill,7000,0.000,0,0
leveldb,prefill,8000,0.000,0,0
leveldb,prefill,9000,0.000,0,0
leveldb,prefill,10000,0.000,3408282,0
leveldb,prefill,11000,0.000,0,0
leveldb,prefill,12000,0.000,0,0
leveldb,prefill,13000,0.000,0,0
leveldb,prefill,14000,0.000,0,0
leveldb,prefill,15000,0.000,10636091,0
leveldb,prefill,16000,0.000,0,0
leveldb,prefill,17000,0.000,0,0
leveldb,prefill,18000,0.000,0,0
leveldb,prefill,19000,0.000,0,0
leveldb,prefill,20000,0.000,6944913,0
leveldb,prefill,21000,0.000,0,0
leveldb,prefill,22000,0.000,0,0
leveldb,prefill,23000,0.000,0,0
leveldb,prefill,24000,0.000,0,0
leveldb,prefill,25000,0.000,10644579,0
leveldb,prefill,26000,0.000,0,0
leveldb,prefill,27000,0.000,0,0
leveldb,prefill,28000,0.000,0,0
leveldb,prefill,29000,0.000,0,0
leveldb,prefill,30000,0.000,12571949,0
leveldb,prefill,31000,0.000,0,0
leveldb,prefill,32000,0.000,0,0
leveldb,prefill,33000,0.000,0,0
leveldb,prefill,34000,0.000,0,0
leveldb,prefill,35000,0.000,15136135,0
leveldb,prefill,36000,0.000,0,0
leveldb,prefill,37000,0.000,0,0
leveldb,prefill,38000,0.000,0,0
leveldb,prefill,39000,0.000,0,0
leveldb,prefill,40000,0.000,23405845,0
leveldb,prefill,41000,0.000,0,0
leveldb,prefill,42000,0.000,0,0
leveldb,prefill,43000,0.000,0,0
leveldb,prefill,44000,0.000,0,0
leveldb,prefill,45000,0.000,17589147,0
leveldb,prefill,46000,0.000,0,0
leveldb,prefill,47000,0.000,0,0
leveldb,prefill,48000,0.000,0,0
leveldb,prefill,49000,0.000,0,0
leveldb,prefill,50000,0.000,26062494,0
leveldb,prefill,51000,0.000,0,0
leveldb,prefill,52000,0.000,0,0
leveldb,prefill,53000,0.000,0,0
leveldb,prefill,54000,0.000,0,0
leveldb,prefill,55000,0.000,29457155,0
leveldb,prefill,56000,0.000,0,0
leveldb,prefill,57000,0.000,0,0
leveldb,prefill,58000,0.000,0,0
leveldb,prefill,59000,0.000,0,0
leveldb,prefill,60000,0.000,34012039,0
leveldb,prefill,61000,0.000,0,0
leveldb,prefill,62000,0.000,0,0
leveldb,prefill,63000,0.000,0,0
leveldb,prefill,64000,0.000,0,0
leveldb,prefill,65000,0.000,33420177,0
leveldb,prefill,66000,0.000,0,0
leveldb,prefill,67000,0.000,0,0
leveldb,prefill,68000,0.000,0,0
leveldb,prefill,69000,0.000,0,0
leveldb,prefill,70000,0.000,36762486,0
leveldb,prefill,71000,0.000,0,0
leveldb,prefill,72000,0.000,0,0
leveldb,prefill,73000,0.000,0,0
leveldb,prefill,74000,0.000,0,0
leveldb,prefill,75000,0.000,36927323,0
leveldb,prefill,76000,0.000,0,0
leveldb,prefill,77000,0.000,0,0
leveldb,prefill,78000,0.000,0,0
leveldb,prefill,79000,0.000,0,0
leveldb,prefill,80000,0.000,34909309,0
leveldb,prefill,81000,0.000,0,0
leveldb,prefill,82000,0.000,0,0
leveldb,prefill,83000,0.000,0,0
leveldb,prefill,84000,0.000,0,0
leveldb,prefill,85000,0.000,33900362,0
leveldb,prefill,86000,0.000,0,0
leveldb,prefill,87000,0.000,0,0
leveldb,prefill,88000,0.000,0,0
leveldb,prefill,89000,0.000,0,0
leveldb,prefill,90000,0.000,28872944,0
leveldb,prefill,91000,0.000,0,0
leveldb,prefill,92000,0.000,0,0
leveldb,prefill,93000,0.000,0,0
leveldb,prefill,94000,0.000,0,0
leveldb,prefill,95000,0.000,48800337,0
leveldb,prefill,96000,0.000,0,0
leveldb,prefill,97000,0.000,0,0
leveldb,prefill,98000,0.000,0,0
leveldb,prefill,99000,0.000,0,0
leveldb,prefill,100000,0.000,43933372,0
leveldb,prefill,100008,0.000,44026002,0
leveldb,churn,0,16.786,48096007,0
leveldb,churn,1,13.295,0,0
leveldb,churn,2,17.210,0,0
leveldb,churn,3,12.108,0,0
leveldb,churn,4,15.846,0,0
leveldb,churn,5,14.811,0,0
leveldb,churn,6,13.630,0,0
leveldb,churn,7,14.871,0,0
leveldb,churn,8,9.977,0,0
leveldb,churn,9,10.415,0,0
leveldb,churn,10,15.622,30983189,0
leveldb,churn,11,11.479,0,0
leveldb,churn,12,12.899,0,0
leveldb,churn,13,9.495,0,0
leveldb,churn,14,13.345,0,0
leveldb,churn,15,12.869,0,0
leveldb,churn,16,17.349,0,0
leveldb,churn,17,15.438,0,0
leveldb,churn,18,15.095,0,0
leveldb,churn,19,8.156,0,0
leveldb,churn,20,16.077,35704445,0
leveldb,churn,21,13.042,0,0
leveldb,churn,22,13.106,0,0
leveldb,churn,23,10.646,0,0
leveldb,churn,24,12.613,0,0
leveldb,churn,25,20.162,0,0
leveldb,churn,26,22.900,0,0
leveldb,churn,27,19.503,0,0
leveldb,churn,28,15.517,0,0
leveldb,churn,29,15.635,0,0
leveldb,churn,30,29.876,32219295,0
leveldb,churn,31,19.797,0,0
leveldb,churn,32,21.685,0,0
leveldb,churn,33,16.773,0,0
leveldb,churn,34,24.489,0,0
leveldb,churn,35,15.601,0,0
leveldb,churn,36,13.790,0,0
leveldb,churn,37,12.056,0,0
leveldb,churn,38,14.348,0,0
leveldb,churn,39,17.134,0,0
leveldb,churn,40,14.549,34387449,0
leveldb,churn,41,18.421,0,0
leveldb,churn,42,15.985,0,0
leveldb,churn,43,12.738,0,0
leveldb,churn,44,11.836,0,0
leveldb,churn,45,22.494,0,0
leveldb,churn,46,12.821,0,0
leveldb,churn,47,20.379,0,0
leveldb,churn,48,19.177,0,0
leveldb,churn,49,13.475,0,0
leveldb,churn,50,21.640,39463290,0
leveldb,churn,51,16.016,0,0
leveldb,churn,52,13.304,0,0
leveldb,churn,53,16.202,0,0
leveldb,churn,54,15.505,0,0
leveldb,churn,55,21.570,0,0
leveldb,churn,56,12.350,0,0
leveldb,churn,57,16.100,0,0
leveldb,churn,58,18.673,0,0
leveldb,churn,59,15.172,0,0
leveldb,churn,60,20.074,37033738,0
leveldb,churn,61,15.238,0,0
leveldb,churn,62,15.671,0,0
leveldb,churn,63,15.794,0,0
leveldb,churn,64,18.777,0,0
leveldb,churn,65,17.214,0,0
leveldb,churn,66,15.862,0,0
leveldb,churn,67,12.547,0,0
leveldb,churn,68,18.856,0,0
leveldb,churn,69,25.988,0,0
leveldb,churn,70,14.806,38228078,0
leveldb,churn,71,11.873,0,0
leveldb,churn,72,16.301,0,0
leveldb,churn,73,14.229,0,0
leveldb,churn,74,23.517,0,0
leveldb,churn,75,12.787,0,0
leveldb,churn,76,12.713,0,0
leveldb,churn,77,17.744,0,0
leveldb,churn,78,21.927,0,0
leveldb,churn,79,20.071,0,0
leveldb,churn,80,17.442,40888707,0
leveldb,churn,81,10.205,0,0
leveldb,churn,82,11.991,0,0
leveldb,churn,83,14.188,0,0
leveldb,churn,84,12.514,0,0
leveldb,churn,85,17.808,0,0
leveldb,churn,86,15.650,0,0
leveldb,churn,87,14.549,0,0
leveldb,churn,88,12.509,0,0
leveldb,churn,89,15.895,0,0
leveldb,churn,90,12.546,36463313,0
leveldb,churn,91,19.619,0,0
leveldb,churn,92,13.634,0,0
leveldb,churn,93,13.804,0,0
leveldb,churn,94,18.841,0,0
leveldb,churn,95,20.097,0,0
leveldb,churn,96,15.083,0,0
leveldb,churn,97,15.988,0,0
leveldb,churn,98,19.259,0,0
leveldb,churn,99,16.615,0,0
leveldb,churn,100,17.596,43536126,0
leveldb,churn,101,13.544,0,0
leveldb,churn,102,19.408,0,0
leveldb,churn,103,14.867,0,0
leveldb,churn,104,13.777,0,0
leveldb,churn,105,18.679,0,0
leveldb,churn,106,21.238,0,0
leveldb,churn,107,16.852,0,0
leveldb,churn,108,21.764,0,0
leveldb,churn,109,25.250,0,0
leveldb,churn,110,12.513,38292712,0
leveldb,churn,111,11.594,0,0
leveldb,churn,112,14.601,0,0
leveldb,churn,113,14.414,0,0
leveldb,churn,114,12.549,0,0
leveldb,churn,115,16.181,0,0
leveldb,churn,116,19.185,0,0
leveldb,churn,117,18.438,0,0
leveldb,churn,118,15.159,0,0
leveldb,churn,119,13.994,0,0
leveldb,churn,120,15.348,44007671,0
leveldb,churn,121,12.253,0,0
leveldb,churn,122,11.553,0,0
leveldb,churn,123,18.661,0,0
leveldb,churn,124,16.562,0,0
leveldb,churn,125,15.106,0,0
leveldb,churn,126,16.620,0,0
leveldb,churn,127,12.724,0,0
leveldb,churn,128,16.037,0,0
leveldb,churn,129,12.703,0,0
leveldb,churn,130,16.265,49129165,0
leveldb,churn,131,13.166,0,0
leveldb,churn,132,12.666,0,0
leveldb,churn,133,23.398,0,0
leveldb,churn,134,26.208,0,0
leveldb,churn,135,40.708,0,0
leveldb,churn,136,30.772,0,0
leveldb,churn,137,27.996,0,0
leveldb,churn,138,16.228,0,0
leveldb,churn,139,15.138,0,0
leveldb,churn,140,17.831,40987461,0
leveldb,churn,141,13.660,0,0
leveldb,churn,142,15.850,0,0
leveldb,churn,143,18.470,0,0
leveldb,churn,144,19.490,0,0
leveldb,churn,145,12.788,0,0
leveldb,churn,146,21.109,0,0
leveldb,churn,147,22.915,0,0
leveldb,churn,148,30.110,0,0
leveldb,churn,149,13.807,0,0
leveldb,churn,150,20.997,47964428,0
leveldb,churn,151,18.126,0,0
leveldb,churn,152,17.500,0,0
leveldb,churn,153,14.750,0,0
leveldb,churn,154,12.445,0,0
leveldb,churn,155,15.555,0,0
leveldb,churn,156,12.823,0,0
leveldb,churn,157,16.606,0,0
leveldb,churn,158,15.954,0,0
leveldb,churn,159,15.560,0,0
leveldb,churn,160,17.440,47457976,0
leveldb,churn,161,13.693,0,0
leveldb,churn,162,16.495,0,0
leveldb,churn,163,10.335,0,0
leveldb,churn,164,20.066,0,0
leveldb,churn,165,32.125,0,0
leveldb,churn,166,13.573,0,0
leveldb,churn,167,10.485,0,0
leveldb,churn,168,17.004,0,0
leveldb,churn,169,14.850,0,0
leveldb,churn,170,14.736,42050467,0
leveldb,churn,171,18.579,0,0
leveldb,churn,172,15.236,0,0
leveldb,churn,173,20.258,0,0
leveldb,churn,174,11.047,0,0
leveldb,churn,175,17.451,0,0
leveldb,churn,176,15.808,0,0
leveldb,churn,177,16.828,0,0
leveldb,churn,178,16.856,0,0
leveldb,churn,179,16.722,0,0
leveldb,churn,180,14.179,48963107,0
leveldb,churn,181,13.403,0,0
leveldb,churn,182,12.404,0,0
leveldb,churn,183,14.311,0,0
leveldb,churn,184,10.293,0,0
leveldb,churn,185,16.398,0,0
leveldb,churn,186,13.847,0,0
leveldb,churn,187,16.789,0,0
leveldb,churn,188,17.064,0,0
leveldb,churn,189,18.210,0,0
leveldb,churn,190,17.132,41439872,0
leveldb,churn,191,11.643,0,0
leveldb,churn,192,18.834,0,0
leveldb,churn,193,11.258,0,0
leveldb,churn,194,21.557,0,0
leveldb,churn,195,12.807,0,0
leveldb,churn,196,15.090,0,0
leveldb,churn,197,12.646,0,0
leveldb,churn,198,12.413,0,0
leveldb,churn,199,13.252,0,0
leveldb,churn,200,27.755,44953930,0
leveldb,churn,201,12.760,0,0
leveldb,churn,202,11.470,0,0
leveldb,churn,203,12.222,0,0
leveldb,churn,204,13.078,0,0
leveldb,churn,205,16.051,0,0
leveldb,churn,206,16.172,0,0
leveldb,churn,207,15.430,0,0
leveldb,churn,208,18.814,0,0
leveldb,churn,209,20.609,0,0
leveldb,churn,210,12.878,46402884,0
leveldb,churn,211,15.835,0,0
leveldb,churn,212,15.716,0,0
leveldb,churn,213,22.850,0,0
leveldb,churn,214,11.903,0,0
leveldb,churn,215,18.547,0,0
leveldb,churn,216,28.404,0,0
leveldb,churn,217,12.125,0,0
leveldb,churn,218,20.599,0,0
leveldb,churn,219,18.160,0,0
leveldb,churn,220,15.867,42972928,0
leveldb,churn,221,15.626,0,0
leveldb,churn,222,13.774,0,0
leveldb,churn,223,16.864,0,0
leveldb,churn,224,19.150,0,0
leveldb,churn,225,16.610,0,0
leveldb,churn,226,18.999,0,0
leveldb,churn,227,21.434,0,0
leveldb,churn,228,13.850,0,0
leveldb,churn,229,12.134,0,0
leveldb,churn,230,13.634,41823033,0
leveldb,churn,231,13.975,0,0
leveldb,churn,232,13.352,0,0
leveldb,churn,233,10.476,0,0
leveldb,churn,234,16.716,0,0
leveldb,churn,235,16.199,0,0
leveldb,churn,236,16.102,0,0
leveldb,churn,237,17.966,0,0
leveldb,churn,238,17.546,0,0
leveldb,churn,239,12.180,0,0
leveldb,churn,240,16.208,43624338,0
leveldb,churn,241,16.311,0,0
leveldb,churn,242,16.808,0,0
leveldb,churn,243,18.930,0,0
leveldb,churn,244,13.822,0,0
leveldb,churn,245,10.964,0,0
leveldb,churn,246,11.512,0,0
leveldb,churn,247,15.257,0,0
leveldb,churn,248,18.145,0,0
leveldb,churn,249,16.876,0,0
leveldb,churn,250,19.609,48681779,0
leveldb,churn,251,12.306,0,0
leveldb,churn,252,15.789,0,0
leveldb,churn,253,16.809,0,0
leveldb,churn,254,13.203,0,0
leveldb,churn,255,21.276,0,0
leveldb,churn,256,13.066,0,0
leveldb,churn,257,15.032,0,0
leveldb,churn,258,15.347,0,0
leveldb,churn,259,23.637,0,0
leveldb,churn,260,17.504,53109039,0
leveldb,churn,261,17.245,0,0
leveldb,churn,262,17.522,0,0
leveldb,churn,263,14.760,0,0
leveldb,churn,264,13.585,0,0
leveldb,churn,265,18.987,0,0
leveldb,churn,266,11.673,0,0
leveldb,churn,267,14.434,0,0
leveldb,churn,268,14.880,0,0
leveldb,churn,269,19.520,0,0
leveldb,churn,270,14.406,52294315,0
leveldb,churn,271,15.049,0,0
leveldb,churn,272,13.685,0,0
leveldb,churn,273,12.223,0,0
leveldb,churn,274,10.518,0,0
leveldb,churn,275,16.963,0,0
leveldb,churn,276,17.007,0,0
leveldb,churn,277,12.003,0,0
leveldb,churn,278,20.543,0,0
leveldb,churn,279,20.473,0,0
leveldb,churn,280,25.760,55595765,0
leveldb,churn,281,13.044,0,0
leveldb,churn,282,16.862,0,0
leveldb,churn,283,14.004,0,0
leveldb,churn,284,15.816,0,0
leveldb,churn,285,10.389,0,0
leveldb,churn,286,12.852,0,0
leveldb,churn,287,16.447,0,0
leveldb,churn,288,16.541,0,0
leveldb,churn,289,17.909,0,0
leveldb,churn,290,17.152,41705809,0
leveldb,churn,291,17.674,0,0
leveldb,churn,292,15.666,0,0
leveldb,churn,293,13.769,0,0
leveldb,churn,294,16.991,0,0
leveldb,churn,295,12.310,0,0
leveldb,churn,296,14.975,0,0
leveldb,churn,297,20.665,0,0
leveldb,churn,298,13.727,0,0
leveldb,churn,299,13.368,0,0
leveldb,churn,300,14.990,45607493,0
leveldb,churn,301,12.382,0,0
leveldb,churn,302,13.749,0,0
leveldb,churn,303,14.340,0,0
leveldb,churn,304,13.668,0,0
leveldb,churn,305,18.500,0,0
leveldb,churn,306,17.030,0,0
leveldb,churn,307,13.809,0,0
leveldb,churn,308,14.058,0,0
leveldb,churn,309,15.112,0,0
leveldb,churn,310,18.661,44906846,0
leveldb,churn,311,18.578,0,0
leveldb,churn,312,10.460,0,0
leveldb,churn,313,16.830,0,0
leveldb,churn,314,15.289,0,0
leveldb,churn,315,13.499,0,0
leveldb,churn,316,12.490,0,0
leveldb,churn,317,20.285,0,0
leveldb,churn,318,13.656,0,0
leveldb,churn,319,15.984,0,0
leveldb,churn,320,11.192,43233188,0
leveldb,churn,321,18.041,0,0
leveldb,churn,322,17.946,0,0
leveldb,churn,323,14.749,0,0
leveldb,churn,324,13.567,0,0
leveldb,churn,325,16.139,0,0
leveldb,churn,326,15.271,0,0
leveldb,churn,327,14.981,0,0
leveldb,churn,328,17.190,0,0
leveldb,churn,329,16.155,0,0
leveldb,churn,330,14.424,43845326,0
leveldb,churn,331,18.338,0,0
leveldb,churn,332,14.410,0,0
leveldb,churn,333,13.988,0,0
leveldb,churn,334,11.696,0,0
leveldb,churn,335,16.442,0,0
leveldb,churn,336,13.465,0,0
leveldb,churn,337,18.767,0,0
leveldb,churn,338,14.631,0,0
leveldb,churn,339,14.810,0,0
leveldb,churn,340,16.652,47232623,0
leveldb,churn,341,15.898,0,0
leveldb,churn,342,12.211,0,0
leveldb,churn,343,15.033,0,0
leveldb,churn,344,13.314,0,0
leveldb,churn,345,14.699,0,0
leveldb,churn,346,19.172,0,0
leveldb,churn,347,13.839,0,0
leveldb,churn,348,14.000,0,0
leveldb,churn,349,15.060,0,0
leveldb,churn,350,15.081,49735361,0
leveldb,churn,351,18.588,0,0
leveldb,churn,352,13.542,0,0
leveldb,churn,353,14.911,0,0
leveldb,churn,354,10.994,0,0
leveldb,churn,355,12.761,0,0
leveldb,churn,356,22.561,0,0
leveldb,churn,357,17.000,0,0
leveldb,churn,358,20.721,0,0
leveldb,churn,359,22.259,0,0
leveldb,churn,360,18.128,44115628,0
leveldb,churn,361,14.790,0,0
leveldb,churn,362,49.416,0,0
leveldb,churn,363,35.820,0,0
leveldb,churn,364,27.699,0,0
leveldb,churn,365,25.821,0,0
leveldb,churn,366,29.433,0,0
leveldb,churn,367,20.981,0,0
leveldb,churn,368,15.282,0,0
leveldb,churn,369,24.525,0,0
leveldb,churn,370,20.778,49900006,0
leveldb,churn,371,18.308,0,0
leveldb,churn,372,10.674,0,0
leveldb,churn,373,15.267,0,0
leveldb,churn,374,18.873,0,0
leveldb,churn,375,14.383,0,0
leveldb,churn,376,14.899,0,0
leveldb,churn,377,15.688,0,0
leveldb,churn,378,12.793,0,0
leveldb,churn,379,21.689,0,0
leveldb,churn,380,15.417,49490407,0
leveldb,churn,381,13.045,0,0
leveldb,churn,382,23.081,0,0
leveldb,churn,383,19.759,0,0
leveldb,churn,384,24.688,0,0
leveldb,churn,385,32.356,0,0
leveldb,churn,386,48.180,0,0
leveldb,churn,387,52.534,0,0
leveldb,churn,388,23.400,0,0
leveldb,churn,389,20.914,0,0
leveldb,churn,390,38.823,58688094,0
leveldb,churn,391,17.549,0,0
leveldb,churn,392,17.862,0,0
leveldb,churn,393,13.144,0,0
leveldb,churn,394,14.381,0,0
leveldb,churn,395,16.114,0,0
leveldb,churn,396,12.481,0,0
leveldb,churn,397,16.808,0,0
leveldb,churn,398,14.769,0,0
leveldb,churn,399,17.071,0,0
leveldb,churn,400,17.652,52696299,0
leveldb,churn,401,18.031,0,0
leveldb,churn,402,12.195,0,0
leveldb,churn,403,18.635,0,0
leveldb,churn,404,14.531,0,0
leveldb,churn,405,9.781,0,0
leveldb,churn,406,12.940,0,0
leveldb,churn,407,17.603,0,0
leveldb,churn,408,15.131,0,0
leveldb,churn,409,25.552,0,0
leveldb,churn,410,17.743,43101240,0
leveldb,churn,411,17.308,0,0
leveldb,churn,412,25.261,0,0
leveldb,churn,413,16.352,0,0
leveldb,churn,414,15.793,0,0
leveldb,churn,415,29.115,0,0
leveldb,churn,416,20.101,0,0
leveldb,churn,417,15.767,0,0
leveldb,churn,418,26.998,0,0
leveldb,churn,419,12.159,0,0
leveldb,churn,420,13.917,46436477,0
leveldb,churn,421,18.182,0,0
leveldb,churn,422,14.642,0,0
leveldb,churn,423,12.945,0,0
leveldb,churn,424,18.700,0,0
leveldb,churn,425,14.141,0,0
leveldb,churn,426,14.301,0,0
leveldb,churn,427,32.671,0,0
leveldb,churn,428,18.291,0,0
leveldb,churn,429,17.431,0,0
leveldb,churn,430,16.827,41886769,0
leveldb,churn,431,15.795,0,0
leveldb,churn,432,12.897,0,0
leveldb,churn,433,15.198,0,0
leveldb,churn,434,13.490,0,0
leveldb,churn,435,12.899,0,0
leveldb,churn,436,17.678,0,0
leveldb,churn,437,13.844,0,0
leveldb,churn,438,14.349,0,0
leveldb,churn,439,21.256,0,0
leveldb,churn,440,14.190,45674273,0
leveldb,churn,441,14.670,0,0
leveldb,churn,442,14.775,0,0
leveldb,churn,443,16.113,0,0
leveldb,churn,444,15.188,0,0
leveldb,churn,445,12.033,0,0
leveldb,churn,446,12.814,0,0
leveldb,churn,447,16.999,0,0
leveldb,churn,448,21.707,0,0
leveldb,churn,449,14.572,0,0
leveldb,churn,450,12.488,48536827,0
leveldb,churn,451,13.989,0,0
leveldb,churn,452,22.707,0,0
leveldb,churn,453,14.094,0,0
leveldb,churn,454,13.186,0,0
leveldb,churn,455,14.255,0,0
leveldb,churn,456,12.734,0,0
leveldb,churn,457,18.447,0,0
leveldb,churn,458,15.950,0,0
leveldb,churn,459,16.183,0,0
leveldb,churn,460,22.150,48169577,0
leveldb,churn,461,20.999,0,0
leveldb,churn,462,15.444,0,0
leveldb,churn,463,14.310,0,0
leveldb,churn,464,15.196,0,0
leveldb,churn,465,12.757,0,0
leveldb,churn,466,15.133,0,0
leveldb,churn,467,17.651,0,0
leveldb,churn,468,17.954,0,0
leveldb,churn,469,20.510,0,0
leveldb,churn,470,13.380,46581971,0
leveldb,churn,471,14.676,0,0
leveldb,churn,472,15.871,0,0
leveldb,churn,473,14.836,0,0
leveldb,churn,474,13.713,0,0
leveldb,churn,475,13.331,0,0
leveldb,churn,476,11.196,0,0
leveldb,churn,477,13.580,0,0
leveldb,churn,478,17.457,0,0
leveldb,churn,479,14.088,0,0
leveldb,churn,480,15.041,46199896,0
leveldb,churn,481,18.599,0,0
leveldb,churn,482,13.699,0,0
leveldb,churn,483,15.546,0,0
leveldb,churn,484,13.213,0,0
leveldb,churn,485,13.440,0,0
leveldb,churn,486,11.517,0,0
leveldb,churn,487,16.686,0,0
leveldb,churn,488,16.240,0,0
leveldb,churn,489,20.111,0,0
leveldb,churn,490,14.436,49498112,0
leveldb,churn,491,16.642,0,0
leveldb,churn,492,16.788,0,0
leveldb,churn,493,13.907,0,0
leveldb,churn,494,19.584,0,0
leveldb,churn,495,14.449,0,0
leveldb,churn,496,19.789,0,0
leveldb,churn,497,15.610,0,0
leveldb,churn,498,27.351,0,0
leveldb,churn,499,22.893,0,0
leveldb,churn,500,15.727,43446441,0
leveldb,churn,501,20.021,0,0
leveldb,churn,502,17.682,0,0
leveldb,churn,503,18.802,0,0
leveldb,churn,504,20.416,0,0
leveldb,churn,505,13.576,0,0
leveldb,churn,506,17.530,0,0
leveldb,churn,507,22.330,0,0
leveldb,churn,508,14.274,0,0
leveldb,churn,509,24.204,0,0
leveldb,churn,510,22.225,48131330,0
leveldb,churn,511,20.444,0,0
leveldb,churn,512,14.616,0,0
leveldb,churn,513,21.790,0,0
leveldb,churn,514,21.430,0,0
leveldb,churn,515,21.166,0,0
leveldb,churn,516,20.158,0,0
leveldb,churn,517,14.566,0,0
leveldb,churn,518,18.515,0,0
leveldb,churn,519,16.239,0,0
leveldb,churn,520,33.979,52706090,0
leveldb,churn,521,19.184,0,0
leveldb,churn,522,20.421,0,0
leveldb,churn,523,17.021,0,0
leveldb,churn,524,22.824,0,0
leveldb,churn,525,16.744,0,0
leveldb,churn,526,16.132,0,0
leveldb,churn,527,21.083,0,0
leveldb,churn,528,26.481,0,0
leveldb,churn,529,21.093,0,0
leveldb,churn,530,25.250,54873733,0
leveldb,churn,531,35.407,0,0
leveldb,churn,532,12.795,0,0
leveldb,churn,533,19.453,0,0
leveldb,churn,534,23.862,0,0
leveldb,churn,535,19.686,0,0
leveldb,churn,536,18.445,0,0
leveldb,churn,537,14.670,0,0
leveldb,churn,538,12.993,0,0
leveldb,churn,539,19.215,0,0
leveldb,churn,540,17.177,50920969,0
leveldb,churn,541,15.865,0,0
leveldb,churn,542,18.196,0,0
leveldb,churn,543,15.454,0,0
leveldb,churn,544,21.325,0,0
leveldb,churn,545,13.871,0,0
leveldb,churn,546,11.216,0,0
leveldb,churn,547,12.831,0,0
leveldb,churn,548,16.738,0,0
leveldb,churn,549,19.206,0,0
leveldb,churn,550,20.260,53705255,0
leveldb,churn,551,18.363,0,0
leveldb,churn,552,13.943,0,0
leveldb,churn,553,18.464,0,0
leveldb,churn,554,12.861,0,0
leveldb,churn,555,14.307,0,0
leveldb,churn,556,15.088,0,0
leveldb,churn,557,17.036,0,0
leveldb,churn,558,20.998,0,0
leveldb,churn,559,22.389,0,0
leveldb,churn,560,12.654,53959066,0
leveldb,churn,561,18.502,0,0
leveldb,churn,562,18.849,0,0
leveldb,churn,563,16.792,0,0
leveldb,churn,564,18.626,0,0
leveldb,churn,565,19.692,0,0
leveldb,churn,566,19.047,0,0
leveldb,churn,567,19.981,0,0
leveldb,churn,568,14.696,0,0
leveldb,churn,569,12.399,0,0
leveldb,churn,570,12.404,51659851,0
leveldb,churn,571,22.824,0,0
leveldb,churn,572,13.536,0,0
leveldb,churn,573,12.751,0,0
leveldb,churn,574,12.441,0,0
leveldb,churn,575,18.438,0,0
leveldb,churn,576,17.269,0,0
leveldb,churn,577,16.785,0,0
leveldb,churn,578,18.247,0,0
leveldb,churn,579,19.455,0,0
leveldb,churn,580,15.693,52205137,0
leveldb,churn,581,13.702,0,0
leveldb,churn,582,13.375,0,0
leveldb,churn,583,11.212,0,0
leveldb,churn,584,18.781,0,0
leveldb,churn,585,13.045,0,0
leveldb,churn,586,13.705,0,0
leveldb,churn,587,13.902,0,0
leveldb,churn,588,12.553,0,0
leveldb,churn,589,12.991,0,0
leveldb,churn,590,17.928,45145279,0
leveldb,churn,591,14.856,0,0
leveldb,churn,592,13.087,0,0
leveldb,churn,593,13.092,0,0
leveldb,churn,594,14.654,0,0
leveldb,churn,595,17.716,0,0
leveldb,churn,596,15.645,0,0
leveldb,churn,597,22.341,0,0
leveldb,churn,598,20.370,0,0
leveldb,churn,599,18.926,0,0
leveldb,churn,600,20.817,49510165,0
leveldb,churn,601,25.512,0,0
leveldb,churn,602,15.163,0,0
leveldb,churn,603,17.884,0,0
leveldb,churn,604,20.919,0,0
leveldb,churn,605,16.690,0,0
leveldb,churn,606,18.698,0,0
leveldb,churn,607,13.566,0,0
leveldb,churn,608,12.699,0,0
leveldb,churn,609,11.509,0,0
leveldb,churn,610,18.338,45543355,0
leveldb,churn,611,12.765,0,0
leveldb,churn,612,11.841,0,0
leveldb,churn,613,13.999,0,0
leveldb,churn,614,12.491,0,0
leveldb,churn,615,12.189,0,0
leveldb,churn,616,21.860,0,0
leveldb,churn,617,17.090,0,0
leveldb,churn,618,10.906,0,0
leveldb,churn,619,17.152,0,0
leveldb,churn,620,14.222,48368354,0
leveldb,churn,621,13.959,0,0
leveldb,churn,622,11.821,0,0
leveldb,churn,623,16.082,0,0
leveldb,churn,624,11.998,0,0
leveldb,churn,625,16.537,0,0
leveldb,churn,626,13.679,0,0
leveldb,churn,627,15.768,0,0
leveldb,churn,628,15.911,0,0
leveldb,churn,629,17.717,0,0
leveldb,churn,630,13.058,47224452,0
leveldb,churn,631,10.878,0,0
leveldb,churn,632,14.208,0,0
leveldb,churn,633,14.263,0,0
leveldb,churn,634,11.783,0,0
leveldb,churn,635,16.545,0,0
leveldb,churn,636,20.664,0,0
leveldb,churn,637,12.279,0,0
leveldb,churn,638,13.114,0,0
leveldb,churn,639,14.349,0,0
leveldb,churn,640,11.921,47675166,0
leveldb,churn,641,17.285,0,0
leveldb,churn,642,16.498,0,0
leveldb,churn,643,13.503,0,0
leveldb,churn,644,18.873,0,0
leveldb,churn,645,14.926,0,0
leveldb,churn,646,12.933,0,0
leveldb,churn,647,12.533,0,0
leveldb,churn,648,11.334,0,0
leveldb,churn,649,10.948,0,0
leveldb,churn,650,17.078,52295578,0
leveldb,churn,651,19.327,0,0
leveldb,churn,652,15.014,0,0
leveldb,churn,653,16.168,0,0
leveldb,churn,654,17.475,0,0
leveldb,churn,655,17.008,0,0
leveldb,churn,656,19.900,0,0
leveldb,churn,657,14.229,0,0
leveldb,churn,658,21.537,0,0
leveldb,churn,659,17.299,0,0
leveldb,churn,660,14.158,44686741,0
leveldb,churn,661,13.569,0,0
leveldb,churn,662,14.503,0,0
leveldb,churn,663,17.519,0,0
leveldb,churn,664,20.130,0,0
leveldb,churn,665,17.210,0,0
leveldb,churn,666,16.208,0,0
leveldb,churn,667,12.851,0,0
leveldb,churn,668,19.139,0,0
leveldb,churn,669,23.149,0,0
leveldb,churn,670,12.751,48850249,0
leveldb,churn,671,11.771,0,0
leveldb,churn,672,16.173,0,0
leveldb,churn,673,11.672,0,0
leveldb,churn,674,15.866,0,0
leveldb,churn,675,18.431,0,0
leveldb,churn,676,14.131,0,0
leveldb,churn,677,18.142,0,0
leveldb,churn,678,20.598,0,0
leveldb,churn,679,15.227,0,0
leveldb,churn,680,17.297,52404193,0
leveldb,churn,681,17.205,0,0
leveldb,churn,682,13.156,0,0
leveldb,churn,683,18.105,0,0
leveldb,churn,684,18.573,0,0
leveldb,churn,685,14.964,0,0
leveldb,churn,686,12.239,0,0
leveldb,churn,687,15.072,0,0
leveldb,churn,688,16.876,0,0
leveldb,churn,689,12.724,0,0
leveldb,churn,690,19.293,51221023,0
leveldb,churn,691,14.370,0,0
leveldb,churn,692,14.013,0,0
leveldb,churn,693,18.015,0,0
leveldb,churn,694,10.481,0,0
leveldb,churn,695,17.982,0,0
leveldb,churn,696,15.629,0,0
leveldb,churn,697,21.566,0,0
leveldb,churn,698,14.362,0,0
leveldb,churn,699,12.235,0,0
leveldb,churn,700,18.951,49867290,0
leveldb,churn,701,18.870,0,0
leveldb,churn,702,14.025,0,0
leveldb,churn,703,13.001,0,0
leveldb,churn,704,19.728,0,0
leveldb,churn,705,17.565,0,0
leveldb,churn,706,37.615,0,0
leveldb,churn,707,16.538,0,0
leveldb,churn,708,31.330,0,0
leveldb,churn,709,25.174,0,0
leveldb,churn,710,18.080,52604586,0
leveldb,churn,711,19.221,0,0
leveldb,churn,712,17.993,0,0
leveldb,churn,713,14.740,0,0
leveldb,churn,714,13.848,0,0
leveldb,churn,715,15.415,0,0
leveldb,churn,716,15.414,0,0
leveldb,churn,717,14.254,0,0
leveldb,churn,718,19.544,0,0
leveldb,churn,719,19.354,0,0
leveldb,churn,720,13.569,46943489,0
leveldb,churn,721,14.561,0,0
leveldb,churn,722,14.339,0,0
leveldb,churn,723,17.255,0,0
leveldb,churn,724,17.068,0,0
leveldb,churn,725,21.391,0,0
leveldb,churn,726,15.335,0,0
leveldb,churn,727,14.694,0,0
leveldb,churn,728,13.114,0,0
leveldb,churn,729,15.386,0,0
leveldb,churn,730,19.307,51492465,0
leveldb,churn,731,12.649,0,0
leveldb,churn,732,13.921,0,0
leveldb,churn,733,19.128,0,0
leveldb,churn,734,15.320,0,0
leveldb,churn,735,28.505,0,0
leveldb,churn,736,14.684,0,0
leveldb,churn,737,12.149,0,0
leveldb,churn,738,11.733,0,0
leveldb,churn,739,13.184,0,0
leveldb,churn,740,17.063,51373955,0
leveldb,churn,741,14.217,0,0
leveldb,churn,742,21.624,0,0
leveldb,churn,743,13.592,0,0
leveldb,churn,744,23.258,0,0
leveldb,churn,745,15.092,0,0
leveldb,churn,746,15.026,0,0
leveldb,churn,747,17.088,0,0
leveldb,churn,748,15.464,0,0
leveldb,churn,749,13.282,0,0
leveldb,churn,750,13.141,51934690,0
leveldb,churn,751,16.413,0,0
leveldb,churn,752,18.631,0,0
leveldb,churn,753,12.540,0,0
leveldb,churn,754,17.782,0,0
leveldb,churn,755,24.578,0,0
leveldb,churn,756,19.747,0,0
leveldb,churn,757,25.245,0,0
leveldb,churn,758,24.902,0,0
leveldb,churn,759,21.185,0,0
leveldb,churn,760,17.280,46116711,0
leveldb,churn,761,12.114,0,0
leveldb,churn,762,13.048,0,0
leveldb,churn,763,13.565,0,0
leveldb,churn,764,16.614,0,0
leveldb,churn,765,14.617,0,0
leveldb,churn,766,17.902,0,0
leveldb,churn,767,15.674,0,0
leveldb,churn,768,17.034,0,0
leveldb,churn,769,16.565,0,0
leveldb,churn,770,16.915,50367090,0
leveldb,churn,771,13.316,0,0
leveldb,churn,772,17.965,0,0
leveldb,churn,773,16.676,0,0
leveldb,churn,774,13.545,0,0
leveldb,churn,775,19.211,0,0
leveldb,churn,776,16.351,0,0
leveldb,churn,777,18.952,0,0
leveldb,churn,778,12.879,0,0
leveldb,churn,779,18.602,0,0
leveldb,churn,780,21.422,55902584,0
leveldb,churn,781,11.119,0,0
leveldb,churn,782,15.152,0,0
leveldb,churn,783,17.642,0,0
leveldb,churn,784,12.194,0,0
leveldb,churn,785,13.603,0,0
leveldb,churn,786,16.203,0,0
leveldb,churn,787,16.390,0,0
leveldb,churn,788,14.211,0,0
leveldb,churn,789,13.542,0,0
leveldb,churn,790,17.801,46338957,0
leveldb,churn,791,16.463,0,0
leveldb,churn,792,17.828,0,0
leveldb,churn,793,19.663,0,0
leveldb,churn,794,20.097,0,0
leveldb,churn,795,24.738,0,0
leveldb,churn,796,15.812,0,0
leveldb,churn,797,16.277,0,0
leveldb,churn,798,18.097,0,0
leveldb,churn,799,18.296,0,0
leveldb,churn,800,11.943,48690372,0
leveldb,churn,801,25.282,0,0
leveldb,churn,802,16.897,0,0
leveldb,churn,803,14.719,0,0
leveldb,churn,804,15.987,0,0
leveldb,churn,805,20.380,0,0
leveldb,churn,806,13.855,0,0
leveldb,churn,807,12.428,0,0
leveldb,churn,808,19.416,0,0
leveldb,churn,809,17.169,0,0
leveldb,churn,810,13.078,50341625,0
leveldb,churn,811,13.763,0,0
leveldb,churn,812,18.134,0,0
leveldb,churn,813,12.655,0,0
leveldb,churn,814,16.192,0,0
leveldb,churn,815,13.294,0,0
leveldb,churn,816,15.106,0,0
leveldb,churn,817,15.615,0,0
leveldb,churn,818,10.499,0,0
leveldb,churn,819,11.611,0,0
leveldb,churn,820,13.001,56121282,0
leveldb,churn,821,12.839,0,0
leveldb,churn,822,19.530,0,0
leveldb,churn,823,14.581,0,0
leveldb,churn,824,19.009,0,0
leveldb,churn,825,17.058,0,0
leveldb,churn,826,24.259,0,0
leveldb,churn,827,13.926,0,0
leveldb,churn,828,18.322,0,0
leveldb,churn,829,12.912,0,0
leveldb,churn,830,17.753,48250539,0
leveldb,churn,831,19.496,0,0
leveldb,churn,832,12.404,0,0
leveldb,churn,833,20.881,0,0
leveldb,churn,834,21.572,0,0
leveldb,churn,835,19.475,0,0
leveldb,churn,836,14.010,0,0
leveldb,churn,837,19.744,0,0
leveldb,churn,838,17.830,0,0
leveldb,churn,839,19.456,0,0
leveldb,churn,840,13.726,47450966,0
leveldb,churn,841,15.690,0,0
leveldb,churn,842,14.973,0,0
leveldb,churn,843,13.306,0,0
leveldb,churn,844,14.148,0,0
leveldb,churn,845,18.894,0,0
leveldb,churn,846,18.839,0,0
leveldb,churn,847,32.917,0,0
leveldb,churn,848,22.844,0,0
leveldb,churn,849,14.296,0,0
leveldb,churn,850,13.187,55594207,0
leveldb,churn,851,14.230,0,0
leveldb,churn,852,17.759,0,0
leveldb,churn,853,19.288,0,0
leveldb,churn,854,12.741,0,0
leveldb,churn,855,20.000,0,0
leveldb,churn,856,17.226,0,0
leveldb,churn,857,19.525,0,0
leveldb,churn,858,34.748,0,0
leveldb,churn,859,24.294,0,0
leveldb,churn,860,30.812,51969253,0
leveldb,churn,861,17.309,0,0
leveldb,churn,862,24.413,0,0
leveldb,churn,863,15.735,0,0
leveldb,churn,864,15.478,0,0
leveldb,churn,865,14.434,0,0
leveldb,churn,866,27.204,0,0
leveldb,churn,867,11.862,0,0
leveldb,churn,868,13.857,0,0
leveldb,churn,869,13.286,0,0
leveldb,churn,870,13.410,52956463,0
leveldb,churn,871,11.935,0,0
leveldb,churn,872,13.343,0,0
leveldb,churn,873,17.852,0,0
leveldb,churn,874,17.782,0,0
leveldb,churn,875,13.721,0,0
leveldb,churn,876,17.728,0,0
leveldb,churn,877,11.958,0,0
leveldb,churn,878,11.044,0,0
leveldb,churn,879,18.382,0,0
leveldb,churn,880,10.796,55866342,0
leveldb,churn,881,11.261,0,0
leveldb,churn,882,14.772,0,0
leveldb,churn,883,21.469,0,0
leveldb,churn,884,11.329,0,0
leveldb,churn,885,16.241,0,0
leveldb,churn,886,16.227,0,0
leveldb,churn,887,11.174,0,0
leveldb,churn,888,14.878,0,0
leveldb,churn,889,17.215,0,0
leveldb,churn,890,13.844,53579818,0
leveldb,churn,891,14.433,0,0
leveldb,churn,892,11.545,0,0
leveldb,churn,893,15.475,0,0
leveldb,churn,894,21.485,0,0
leveldb,churn,895,18.366,0,0
leveldb,churn,896,12.630,0,0
leveldb,churn,897,13.597,0,0
leveldb,churn,898,15.775,0,0
leveldb,churn,899,13.590,0,0
leveldb,churn,900,14.674,50304694,0
leveldb,churn,901,16.664,0,0
leveldb,churn,902,16.612,0,0
leveldb,churn,903,12.240,0,0
leveldb,churn,904,15.633,0,0
leveldb,churn,905,16.818,0,0
leveldb,churn,906,14.456,0,0
leveldb,churn,907,14.362,0,0
leveldb,churn,908,11.622,0,0
leveldb,churn,909,18.390,0,0
leveldb,churn,910,23.048,55560338,0
leveldb,churn,911,14.867,0,0
leveldb,churn,912,23.799,0,0
leveldb,churn,913,14.876,0,0
leveldb,churn,914,16.163,0,0
leveldb,churn,915,10.776,0,0
leveldb,churn,916,16.905,0,0
leveldb,churn,917,15.752,0,0
leveldb,churn,918,13.720,0,0
leveldb,churn,919,13.185,0,0
leveldb,churn,920,16.520,56134934,0
leveldb,churn,921,18.347,0,0
leveldb,churn,922,13.409,0,0
leveldb,churn,923,17.895,0,0
leveldb,churn,924,19.289,0,0
leveldb,churn,925,15.171,0,0
leveldb,churn,926,11.639,0,0
leveldb,churn,927,20.312,0,0
leveldb,churn,928,16.098,0,0
leveldb,churn,929,11.897,0,0
leveldb,churn,930,11.816,54688935,0
leveldb,churn,931,17.163,0,0
leveldb,churn,932,11.418,0,0
leveldb,churn,933,12.753,0,0
leveldb,churn,934,17.527,0,0
leveldb,churn,935,14.054,0,0
leveldb,churn,936,18.505,0,0
leveldb,churn,937,21.956,0,0
leveldb,churn,938,12.155,0,0
leveldb,churn,939,16.249,0,0
leveldb,churn,940,22.749,47756049,0
leveldb,churn,941,20.062,0,0
leveldb,churn,942,20.709,0,0
leveldb,churn,943,18.348,0,0
leveldb,churn,944,14.912,0,0
leveldb,churn,945,19.317,0,0
leveldb,churn,946,15.192,0,0
leveldb,churn,947,15.950,0,0
leveldb,churn,948,18.496,0,0
leveldb,churn,949,11.499,0,0
leveldb,churn,950,19.880,55301185,0
leveldb,churn,951,15.600,0,0
leveldb,churn,952,17.744,0,0
leveldb,churn,953,11.520,0,0
leveldb,churn,954,17.999,0,0
leveldb,churn,955,16.633,0,0
leveldb,churn,956,13.602,0,0
leveldb,churn,957,18.419,0,0
leveldb,churn,958,12.001,0,0
leveldb,churn,959,18.904,0,0
leveldb,churn,960,9.719,46570857,0
leveldb,churn,961,15.006,0,0
leveldb,churn,962,11.028,0,0
leveldb,churn,963,14.268,0,0
leveldb,churn,964,15.488,0,0
leveldb,churn,965,12.699,0,0
leveldb,churn,966,17.327,0,0
leveldb,churn,967,25.053,0,0
leveldb,churn,968,16.075,0,0
leveldb,churn,969,20.800,0,0
leveldb,churn,970,19.097,54297631,0
leveldb,churn,971,17.912,0,0
leveldb,churn,972,14.891,0,0
leveldb,churn,973,12.991,0,0
leveldb,churn,974,17.216,0,0
leveldb,churn,975,14.336,0,0
leveldb,churn,976,18.146,0,0
leveldb,churn,977,22.010,0,0
leveldb,churn,978,17.930,0,0
leveldb,churn,979,18.254,0,0
leveldb,churn,980,11.091,50351783,0
leveldb,churn,981,14.757,0,0
leveldb,churn,982,12.960,0,0
leveldb,churn,983,12.033,0,0
leveldb,churn,984,14.988,0,0
leveldb,churn,985,13.580,0,0
leveldb,churn,986,13.075,0,0
leveldb,churn,987,13.973,0,0
leveldb,churn,988,15.060,0,0
leveldb,churn,989,13.002,0,0
leveldb,churn,990,12.853,50551619,0
leveldb,churn,991,15.346,0,0
leveldb,churn,992,17.006,0,0
leveldb,churn,993,16.647,0,0
leveldb,churn,994,15.599,0,0
leveldb,churn,995,14.436,0,0
leveldb,churn,996,14.878,0,0
leveldb,churn,997,12.294,0,0
leveldb,churn,998,12.497,0,0
leveldb,churn,999,18.754,0,0
leveldb,churn,1000,15.271,54782485,0
leveldb,churn,1001,13.060,0,0
leveldb,churn,1002,15.451,0,0
leveldb,churn,1003,19.773,0,0
leveldb,churn,1004,17.179,0,0
leveldb,churn,1005,18.816,0,0
leveldb,churn,1006,15.549,0,0
leveldb,churn,1007,20.084,0,0
leveldb,churn,1008,16.766,0,0
leveldb,churn,1009,18.286,0,0
leveldb,churn,1010,19.024,50172076,0
leveldb,churn,1011,16.527,0,0
leveldb,churn,1012,17.182,0,0
leveldb,churn,1013,19.649,0,0
leveldb,churn,1014,14.916,0,0
leveldb,churn,1015,33.530,0,0
leveldb,churn,1016,12.787,0,0
leveldb,churn,1017,12.641,0,0
leveldb,churn,1018,18.889,0,0
leveldb,churn,1019,34.470,0,0
leveldb,churn,1020,23.079,55724154,0
leveldb,churn,1021,16.529,0,0
leveldb,churn,1022,12.799,0,0
leveldb,churn,1023,10.813,0,0
leveldb,churn,1024,12.818,0,0
leveldb,churn,1025,13.185,0,0
leveldb,churn,1026,13.328,0,0
leveldb,churn,1027,17.648,0,0
leveldb,churn,1028,15.999,0,0
leveldb,churn,1029,15.530,0,0
leveldb,churn,1030,17.811,51785287,0
leveldb,churn,1031,18.422,0,0
leveldb,churn,1032,18.244,0,0
leveldb,churn,1033,16.551,0,0
leveldb,churn,1034,18.783,0,0
leveldb,churn,1035,15.979,0,0
leveldb,churn,1036,16.919,0,0
leveldb,churn,1037,13.307,0,0
leveldb,churn,1038,19.480,0,0
leveldb,churn,1039,16.699,0,0
leveldb,churn,1040,16.932,52625196,0
leveldb,churn,1041,19.410,0,0
leveldb,churn,1042,14.803,0,0
leveldb,churn,1043,18.416,0,0
leveldb,churn,1044,14.816,0,0
leveldb,churn,1045,14.814,0,0
leveldb,churn,1046,14.248,0,0
leveldb,churn,1047,18.961,0,0
leveldb,churn,1048,19.141,0,0
leveldb,churn,1049,17.332,0,0
leveldb,churn,1050,27.880,56768628,0
leveldb,churn,1051,15.014,0,0
leveldb,churn,1052,13.144,0,0
leveldb,churn,1053,12.940,0,0
leveldb,churn,1054,11.729,0,0
leveldb,churn,1055,16.586,0,0
leveldb,churn,1056,19.594,0,0
leveldb,churn,1057,18.229,0,0
leveldb,churn,1058,16.042,0,0
leveldb,churn,1059,20.257,0,0
leveldb,churn,1060,26.350,46996232,0
leveldb,churn,1061,10.674,0,0
leveldb,churn,1062,12.279,0,0
leveldb,churn,1063,10.836,0,0
leveldb,churn,1064,18.359,0,0
leveldb,churn,1065,14.675,0,0
leveldb,churn,1066,11.753,0,0
leveldb,churn,1067,13.561,0,0
leveldb,churn,1068,14.329,0,0
leveldb,churn,1069,10.751,0,0
leveldb,churn,1070,13.546,50171966,0
leveldb,churn,1071,15.038,0,0
leveldb,churn,1072,14.854,0,0
leveldb,churn,1073,13.253,0,0
leveldb,churn,1074,12.456,0,0
leveldb,churn,1075,18.258,0,0
leveldb,churn,1076,56.683,0,0
leveldb,churn,1077,31.414,0,0
leveldb,churn,1078,26.648,0,0
leveldb,churn,1079,23.517,0,0
leveldb,churn,1080,13.976,57451139,0
leveldb,churn,1081,23.292,0,0
leveldb,churn,1082,22.386,0,0
leveldb,churn,1083,17.126,0,0
leveldb,churn,1084,13.965,0,0
leveldb,churn,1085,13.497,0,0
leveldb,churn,1086,14.634,0,0
leveldb,churn,1087,21.758,0,0
leveldb,churn,1088,18.991,0,0
leveldb,churn,1089,13.757,0,0
leveldb,churn,1090,27.671,46683680,0
leveldb,churn,1091,63.894,0,0
leveldb,churn,1092,55.143,0,0
leveldb,churn,1093,31.746,0,0
leveldb,churn,1094,32.840,0,0
leveldb,churn,1095,38.361,0,0
leveldb,churn,1096,19.351,0,0
leveldb,churn,1097,25.286,0,0
leveldb,churn,1098,19.799,0,0
leveldb,churn,1099,23.573,0,0
leveldb,churn,1100,19.955,57653729,0
leveldb,churn,1101,26.332,0,0
leveldb,churn,1102,24.923,0,0
leveldb,churn,1103,11.615,0,0
leveldb,churn,1104,14.066,0,0
leveldb,churn,1105,12.927,0,0
leveldb,churn,1106,15.943,0,0
leveldb,churn,1107,13.394,0,0
leveldb,churn,1108,17.418,0,0
leveldb,churn,1109,18.994,0,0
leveldb,churn,1110,15.277,60108768,0
leveldb,churn,1111,11.480,0,0
leveldb,churn,1112,18.605,0,0
leveldb,churn,1113,35.338,0,0
leveldb,churn,1114,20.361,0,0
leveldb,churn,1115,16.418,0,0
leveldb,churn,1116,12.780,0,0
leveldb,churn,1117,14.466,0,0
leveldb,churn,1118,15.757,0,0
leveldb,churn,1119,24.659,0,0
leveldb,churn,1120,18.495,54706009,0
leveldb,churn,1121,13.163,0,0
leveldb,churn,1122,10.760,0,0
leveldb,churn,1123,14.843,0,0
leveldb,churn,1124,16.485,0,0
leveldb,churn,1125,16.893,0,0
leveldb,churn,1126,11.866,0,0
leveldb,churn,1127,16.611,0,0
leveldb,churn,1128,15.362,0,0
leveldb,churn,1129,14.369,0,0
leveldb,churn,1130,12.487,51973355,0
leveldb,churn,1131,19.318,0,0
leveldb,churn,1132,17.875,0,0
leveldb,churn,1133,12.184,0,0
leveldb,churn,1134,15.910,0,0
leveldb,churn,1135,17.035,0,0
leveldb,churn,1136,14.910,0,0
leveldb,churn,1137,16.483,0,0
leveldb,churn,1138,14.884,0,0
leveldb,churn,1139,12.246,0,0
leveldb,churn,1140,17.540,59840716,0
leveldb,churn,1141,17.453,0,0
leveldb,churn,1142,15.628,0,0
leveldb,churn,1143,12.182,0,0
leveldb,churn,1144,18.960,0,0
leveldb,churn,1145,11.053,0,0
leveldb,churn,1146,18.918,0,0
leveldb,churn,1147,18.211,0,0
leveldb,churn,1148,11.963,0,0
leveldb,churn,1149,13.109,0,0
leveldb,churn,1150,16.954,56294516,0
leveldb,churn,1151,21.027,0,0
leveldb,churn,1152,17.867,0,0
leveldb,churn,1153,13.945,0,0
leveldb,churn,1154,11.688,0,0
leveldb,churn,1155,16.647,0,0
leveldb,churn,1156,15.779,0,0
leveldb,churn,1157,12.800,0,0
leveldb,churn,1158,13.504,0,0
leveldb,churn,1159,13.878,0,0
leveldb,churn,1160,14.343,55867644,0
leveldb,churn,1161,20.494,0,0
leveldb,churn,1162,19.253,0,0
leveldb,churn,1163,19.926,0,0
leveldb,churn,1164,15.045,0,0
leveldb,churn,1165,17.744,0,0
leveldb,churn,1166,21.300,0,0
leveldb,churn,1167,16.137,0,0
leveldb,churn,1168,15.025,0,0
leveldb,churn,1169,23.409,0,0
leveldb,churn,1170,17.533,59985053,0
leveldb,churn,1171,20.553,0,0
leveldb,churn,1172,14.175,0,0
leveldb,churn,1173,20.506,0,0
leveldb,churn,1174,17.916,0,0
leveldb,churn,1175,14.989,0,0
leveldb,churn,1176,13.580,0,0
leveldb,churn,1177,23.526,0,0
leveldb,churn,1178,12.143,0,0
leveldb,churn,1179,16.484,0,0
leveldb,churn,1180,12.721,50331308,0
leveldb,churn,1181,18.230,0,0
leveldb,churn,1182,13.870,0,0
leveldb,churn,1183,16.893,0,0
leveldb,churn,1184,12.654,0,0
leveldb,churn,1185,17.867,0,0
leveldb,churn,1186,19.233,0,0
leveldb,churn,1187,12.175,0,0
leveldb,churn,1188,11.703,0,0
leveldb,churn,1189,15.817,0,0
leveldb,churn,1190,17.272,47630357,0
leveldb,churn,1191,18.980,0,0
leveldb,churn,1192,13.994,0,0
leveldb,churn,1193,13.563,0,0
leveldb,churn,1194,11.598,0,0
leveldb,churn,1195,13.585,0,0
leveldb,churn,1196,9.961,0,0
leveldb,churn,1197,17.565,0,0
leveldb,churn,1198,13.287,0,0
leveldb,churn,1199,12.941,0,0
leveldb,churn,1200,18.240,57362157,0
leveldb,churn,1201,12.814,0,0
leveldb,churn,1202,16.867,0,0
leveldb,churn,1203,18.411,0,0
leveldb,churn,1204,14.833,0,0
leveldb,churn,1205,15.573,0,0
leveldb,churn,1206,16.306,0,0
leveldb,churn,1207,23.175,0,0
leveldb,churn,1208,18.152,0,0
leveldb,churn,1209,13.194,0,0
leveldb,churn,1210,17.135,49702488,0
leveldb,churn,1211,13.376,0,0
leveldb,churn,1212,14.215,0,0
leveldb,churn,1213,14.140,0,0
leveldb,churn,1214,15.114,0,0
leveldb,churn,1215,12.072,0,0
leveldb,churn,1216,12.153,0,0
leveldb,churn,1217,16.842,0,0
leveldb,churn,1218,20.938,0,0
leveldb,churn,1219,13.644,0,0
leveldb,churn,1220,15.427,53125121,0
leveldb,churn,1221,16.501,0,0
leveldb,churn,1222,14.780,0,0
leveldb,churn,1223,11.677,0,0
leveldb,churn,1224,20.781,0,0
leveldb,churn,1225,24.426,0,0
leveldb,churn,1226,13.753,0,0
leveldb,churn,1227,11.539,0,0
leveldb,churn,1228,17.597,0,0
leveldb,churn,1229,20.522,0,0
leveldb,churn,1230,22.424,52984332,0
leveldb,churn,1231,18.256,0,0
leveldb,churn,1232,18.752,0,0
leveldb,churn,1233,21.522,0,0
leveldb,churn,1234,24.307,0,0
leveldb,churn,1235,24.135,0,0
leveldb,churn,1236,12.291,0,0
leveldb,churn,1237,18.684,0,0
leveldb,churn,1238,17.836,0,0
leveldb,churn,1239,20.715,0,0
leveldb,churn,1240,18.202,59004926,0
leveldb,churn,1241,16.731,0,0
leveldb,churn,1242,13.712,0,0
leveldb,churn,1243,18.309,0,0
leveldb,churn,1244,12.847,0,0
leveldb,churn,1245,14.900,0,0
leveldb,churn,1246,15.288,0,0
leveldb,churn,1247,22.417,0,0
leveldb,churn,1248,15.897,0,0
leveldb,churn,1249,16.845,0,0
leveldb,churn,1250,21.289,52307032,0
leveldb,churn,1251,17.359,0,0
leveldb,churn,1252,15.962,0,0
leveldb,churn,1253,13.990,0,0
leveldb,churn,1254,13.020,0,0
leveldb,churn,1255,17.176,0,0
leveldb,churn,1256,15.528,0,0
leveldb,churn,1257,19.351,0,0
leveldb,churn,1258,12.871,0,0
leveldb,churn,1259,15.978,0,0
leveldb,churn,1260,14.559,48590035,0
leveldb,churn,1261,14.523,0,0
leveldb,churn,1262,12.673,0,0
leveldb,churn,1263,14.016,0,0
leveldb,churn,1264,12.044,0,0
leveldb,churn,1265,12.099,0,0
leveldb,churn,1266,14.300,0,0
leveldb,churn,1267,16.998,0,0
leveldb,churn,1268,13.197,0,0
leveldb,churn,1269,16.214,0,0
leveldb,churn,1270,12.152,51595939,0
leveldb,churn,1271,22.098,0,0
leveldb,churn,1272,12.243,0,0
leveldb,churn,1273,12.168,0,0
leveldb,churn,1274,15.976,0,0
leveldb,churn,1275,24.483,0,0
leveldb,churn,1276,16.400,0,0
leveldb,churn,1277,12.365,0,0
leveldb,churn,1278,18.063,0,0
leveldb,churn,1279,12.851,0,0
leveldb,churn,1280,16.210,53364299,0
leveldb,churn,1281,10.620,0,0
leveldb,churn,1282,16.614,0,0
leveldb,churn,1283,16.408,0,0
leveldb,churn,1284,17.639,0,0
leveldb,churn,1285,12.829,0,0
leveldb,churn,1286,10.651,0,0
leveldb,churn,1287,11.302,0,0
leveldb,churn,1288,18.178,0,0
leveldb,churn,1289,19.493,0,0
leveldb,churn,1290,15.520,56068119,0
leveldb,churn,1291,12.654,0,0
leveldb,churn,1292,17.302,0,0
leveldb,churn,1293,17.375,0,0
leveldb,churn,1294,19.440,0,0
leveldb,churn,1295,17.472,0,0
leveldb,churn,1296,18.522,0,0
leveldb,churn,1297,26.500,0,0
leveldb,churn,1298,39.938,0,0
leveldb,churn,1299,23.743,0,0
leveldb,churn,1300,11.131,58285456,0
leveldb,churn,1301,13.686,0,0
leveldb,churn,1302,20.762,0,0
leveldb,churn,1303,16.331,0,0
leveldb,churn,1304,18.090,0,0
leveldb,churn,1305,18.670,0,0
leveldb,churn,1306,12.076,0,0
leveldb,churn,1307,14.378,0,0
leveldb,churn,1308,20.822,0,0
leveldb,churn,1309,15.114,0,0
leveldb,churn,1310,18.283,48930661,0
leveldb,churn,1311,18.949,0,0
leveldb,churn,1312,15.416,0,0
leveldb,churn,1313,21.227,0,0
leveldb,churn,1314,12.746,0,0
leveldb,churn,1315,16.277,0,0
leveldb,churn,1316,18.669,0,0
leveldb,churn,1317,14.109,0,0
leveldb,churn,1318,18.536,0,0
leveldb,churn,1319,12.821,0,0
leveldb,churn,1320,12.100,52711109,0
leveldb,churn,1321,14.982,0,0
leveldb,churn,1322,18.683,0,0
leveldb,churn,1323,15.265,0,0
leveldb,churn,1324,13.835,0,0
leveldb,churn,1325,19.446,0,0
leveldb,churn,1326,18.243,0,0
leveldb,churn,1327,19.776,0,0
leveldb,churn,1328,20.607,0,0
leveldb,churn,1329,16.347,0,0
leveldb,churn,1330,17.771,53830782,0
leveldb,churn,1331,11.838,0,0
leveldb,churn,1332,16.603,0,0
leveldb,churn,1333,18.375,0,0
leveldb,churn,1334,16.766,0,0
leveldb,churn,1335,19.229,0,0
leveldb,churn,1336,11.705,0,0
leveldb,churn,1337,13.725,0,0
leveldb,churn,1338,14.835,0,0
leveldb,churn,1339,12.922,0,0
leveldb,churn,1340,13.582,54025459,0
leveldb,churn,1341,12.639,0,0
leveldb,churn,1342,13.138,0,0
leveldb,churn,1343,13.930,0,0
leveldb,churn,1344,14.267,0,0
leveldb,churn,1345,16.966,0,0
leveldb,churn,1346,12.459,0,0
leveldb,churn,1347,15.281,0,0
leveldb,churn,1348,19.494,0,0
leveldb,churn,1349,15.085,0,0
leveldb,churn,1350,12.543,53448567,0
leveldb,churn,1351,13.051,0,0
leveldb,churn,1352,16.418,0,0
leveldb,churn,1353,18.570,0,0
leveldb,churn,1354,17.006,0,0
leveldb,churn,1355,14.760,0,0
leveldb,churn,1356,12.438,0,0
leveldb,churn,1357,19.041,0,0
leveldb,churn,1358,15.344,0,0
leveldb,churn,1359,16.731,0,0
leveldb,churn,1360,15.508,58627992,0
leveldb,churn,1361,17.753,0,0
leveldb,churn,1362,16.536,0,0
leveldb,churn,1363,14.294,0,0
leveldb,churn,1364,16.225,0,0
leveldb,churn,1365,16.706,0,0
leveldb,churn,1366,10.337,0,0
leveldb,churn,1367,15.494,0,0
leveldb,churn,1368,15.200,0,0
leveldb,churn,1369,12.812,0,0
leveldb,churn,1370,15.379,58808979,0
leveldb,churn,1371,15.940,0,0
leveldb,churn,1372,11.779,0,0
leveldb,churn,1373,19.123,0,0
leveldb,churn,1374,15.026,0,0
leveldb,churn,1375,17.352,0,0
leveldb,churn,1376,12.000,0,0
leveldb,churn,1377,11.555,0,0
leveldb,churn,1378,15.439,0,0
leveldb,churn,1379,15.965,0,0
leveldb,churn,1380,16.486,53399394,0
leveldb,churn,1381,13.230,0,0
leveldb,churn,1382,17.742,0,0
leveldb,churn,1383,12.438,0,0
leveldb,churn,1384,15.380,0,0
leveldb,churn,1385,15.104,0,0
leveldb,churn,1386,12.896,0,0
leveldb,churn,1387,15.303,0,0
leveldb,churn,1388,14.202,0,0
leveldb,churn,1389,19.590,0,0
leveldb,churn,1390,14.017,51493124,0
leveldb,churn,1391,21.703,0,0
leveldb,churn,1392,15.200,0,0
leveldb,churn,1393,14.528,0,0
leveldb,churn,1394,17.232,0,0
leveldb,churn,1395,15.156,0,0
leveldb,churn,1396,16.090,0,0
leveldb,churn,1397,17.969,0,0
leveldb,churn,1398,13.194,0,0
leveldb,churn,1399,12.732,0,0
leveldb,churn,1400,13.972,52234350,0
leveldb,churn,1401,17.850,0,0
leveldb,churn,1402,17.207,0,0
leveldb,churn,1403,16.695,0,0
leveldb,churn,1404,31.348,0,0
leveldb,churn,1405,15.695,0,0
leveldb,churn,1406,17.526,0,0
leveldb,churn,1407,21.084,0,0
leveldb,churn,1408,22.341,0,0
leveldb,churn,1409,19.169,0,0
leveldb,churn,1410,13.596,49466954,0
leveldb,churn,1411,11.909,0,0
leveldb,churn,1412,17.051,0,0
leveldb,churn,1413,16.520,0,0
leveldb,churn,1414,14.026,0,0
leveldb,churn,1415,11.811,0,0
leveldb,churn,1416,19.447,0,0
leveldb,churn,1417,12.380,0,0
leveldb,churn,1418,15.833,0,0
leveldb,churn,1419,15.875,0,0
leveldb,churn,1420,13.026,49454659,0
leveldb,churn,1421,11.452,0,0
leveldb,churn,1422,14.980,0,0
leveldb,churn,1423,14.752,0,0
leveldb,churn,1424,19.077,0,0
leveldb,churn,1425,16.345,0,0
leveldb,churn,1426,21.198,0,0
leveldb,churn,1427,23.952,0,0
leveldb,churn,1428,21.903,0,0
leveldb,churn,1429,19.061,0,0
leveldb,churn,1430,17.661,54311135,0
leveldb,churn,1431,19.860,0,0
leveldb,churn,1432,14.967,0,0
leveldb,churn,1433,19.000,0,0
leveldb,churn,1434,13.504,0,0
leveldb,churn,1435,17.781,0,0
leveldb,churn,1436,20.805,0,0
leveldb,churn,1437,16.573,0,0
leveldb,churn,1438,11.451,0,0
leveldb,churn,1439,12.716,0,0
leveldb,churn,1440,14.156,57522656,0
leveldb,churn,1441,11.102,0,0
leveldb,churn,1442,15.823,0,0
leveldb,churn,1443,13.932,0,0
leveldb,churn,1444,18.131,0,0
leveldb,churn,1445,23.008,0,0
leveldb,churn,1446,17.129,0,0
leveldb,churn,1447,16.406,0,0
leveldb,churn,1448,16.459,0,0
leveldb,churn,1449,14.483,0,0
leveldb,churn,1450,19.686,52644510,0
leveldb,churn,1451,16.460,0,0
leveldb,churn,1452,17.997,0,0
leveldb,churn,1453,16.809,0,0
leveldb,churn,1454,23.113,0,0
leveldb,churn,1455,13.077,0,0
leveldb,churn,1456,16.815,0,0
leveldb,churn,1457,13.555,0,0
leveldb,churn,1458,15.261,0,0
leveldb,churn,1459,17.356,0,0
leveldb,churn,1460,18.410,59190876,0
leveldb,churn,1461,14.224,0,0
leveldb,churn,1462,17.342,0,0
leveldb,churn,1463,12.320,0,0
leveldb,churn,1464,12.274,0,0
leveldb,churn,1465,13.152,0,0
leveldb,churn,1466,15.653,0,0
leveldb,churn,1467,12.360,0,0
leveldb,churn,1468,13.168,0,0
leveldb,churn,1469,17.032,0,0
leveldb,churn,1470,15.635,50366423,0
leveldb,churn,1471,18.459,0,0
leveldb,churn,1472,14.579,0,0
leveldb,churn,1473,13.452,0,0
leveldb,churn,1474,14.586,0,0
leveldb,churn,1475,15.434,0,0
leveldb,churn,1476,13.744,0,0
leveldb,churn,1477,16.931,0,0
leveldb,churn,1478,14.770,0,0
leveldb,churn,1479,17.515,0,0
leveldb,churn,1480,13.217,57392185,0
leveldb,churn,1481,10.694,0,0
leveldb,churn,1482,20.926,0,0
leveldb,churn,1483,16.072,0,0
leveldb,churn,1484,14.939,0,0
leveldb,churn,1485,13.990,0,0
leveldb,churn,1486,15.037,0,0
leveldb,churn,1487,16.861,0,0
leveldb,churn,1488,12.507,0,0
leveldb,churn,1489,16.299,0,0
leveldb,churn,1490,12.404,57450637,0
leveldb,churn,1491,14.919,0,0
leveldb,churn,1492,17.397,0,0
leveldb,churn,1493,16.105,0,0
leveldb,churn,1494,13.279,0,0
leveldb,churn,1495,16.612,0,0
leveldb,churn,1496,20.279,0,0
leveldb,churn,1497,20.956,0,0
leveldb,churn,1498,18.322,0,0
leveldb,churn,1499,14.038,0,0
leveldb,churn,1500,16.954,48862504,0
leveldb,churn,1501,12.642,0,0
leveldb,churn,1502,16.653,0,0
leveldb,churn,1503,14.274,0,0
leveldb,churn,1504,14.884,0,0
leveldb,churn,1505,18.678,0,0
leveldb,churn,1506,13.807,0,0
leveldb,churn,1507,13.217,0,0
leveldb,churn,1508,15.221,0,0
leveldb,churn,1509,14.246,0,0
leveldb,churn,1510,23.294,54888271,0
leveldb,churn,1511,20.778,0,0
leveldb,churn,1512,25.433,0,0
leveldb,churn,1513,22.874,0,0
leveldb,churn,1514,19.795,0,0
leveldb,churn,1515,13.569,0,0
leveldb,churn,1516,17.581,0,0
leveldb,churn,1517,16.455,0,0
leveldb,churn,1518,15.486,0,0
leveldb,churn,1519,18.850,0,0
leveldb,churn,1520,14.531,48868097,0
leveldb,churn,1521,12.420,0,0
leveldb,churn,1522,13.085,0,0
leveldb,churn,1523,13.848,0,0
leveldb,churn,1524,17.030,0,0
leveldb,churn,1525,18.278,0,0
leveldb,churn,1526,15.735,0,0
leveldb,churn,1527,19.783,0,0
leveldb,churn,1528,12.038,0,0
leveldb,churn,1529,13.252,0,0
leveldb,churn,1530,16.718,49829524,0
leveldb,churn,1531,22.125,0,0
leveldb,churn,1532,19.924,0,0
leveldb,churn,1533,13.180,0,0
leveldb,churn,1534,14.174,0,0
leveldb,churn,1535,11.148,0,0
leveldb,churn,1536,22.587,0,0
leveldb,churn,1537,26.826,0,0
leveldb,churn,1538,13.281,0,0
leveldb,churn,1539,20.142,0,0
leveldb,churn,1540,23.658,49642111,0
leveldb,churn,1541,17.564,0,0
leveldb,churn,1542,17.027,0,0
leveldb,churn,1543,17.634,0,0
leveldb,churn,1544,16.569,0,0
leveldb,churn,1545,16.785,0,0
leveldb,churn,1546,11.204,0,0
leveldb,churn,1547,18.815,0,0
leveldb,churn,1548,19.200,0,0
leveldb,churn,1549,15.566,0,0
leveldb,churn,1550,14.073,55725687,0
leveldb,churn,1551,13.409,0,0
leveldb,churn,1552,13.193,0,0
leveldb,churn,1553,14.866,0,0
leveldb,churn,1554,13.901,0,0
leveldb,churn,1555,12.485,0,0
leveldb,churn,1556,12.356,0,0
leveldb,churn,1557,15.134,0,0
leveldb,churn,1558,13.618,0,0
leveldb,churn,1559,12.500,0,0
leveldb,churn,1560,14.356,59673491,0
leveldb,churn,1561,17.514,0,0
leveldb,churn,1562,12.899,0,0
leveldb,churn,1563,14.549,0,0
leveldb,churn,1564,16.774,0,0
leveldb,churn,1565,18.803,0,0
leveldb,churn,1566,15.454,0,0
leveldb,churn,1567,14.625,0,0
leveldb,churn,1568,13.250,0,0
leveldb,churn,1569,19.750,0,0
leveldb,churn,1570,17.184,60982937,0
leveldb,churn,1571,17.071,0,0
leveldb,churn,1572,12.198,0,0
leveldb,churn,1573,19.650,0,0
leveldb,churn,1574,28.361,0,0
leveldb,churn,1575,19.328,0,0
leveldb,churn,1576,21.185,0,0
leveldb,churn,1577,14.856,0,0
leveldb,churn,1578,12.281,0,0
leveldb,churn,1579,18.893,0,0
leveldb,churn,1580,18.858,49520141,0
leveldb,churn,1581,16.873,0,0
leveldb,churn,1582,15.774,0,0
leveldb,churn,1583,14.435,0,0
leveldb,churn,1584,16.753,0,0
leveldb,churn,1585,13.960,0,0
leveldb,churn,1586,15.500,0,0
leveldb,churn,1587,17.058,0,0
leveldb,churn,1588,49.329,0,0
leveldb,churn,1589,32.458,0,0
leveldb,churn,1590,18.986,53807015,0
leveldb,churn,1591,18.736,0,0
leveldb,churn,1592,21.053,0,0
leveldb,churn,1593,16.504,0,0
leveldb,churn,1594,17.749,0,0
leveldb,churn,1595,16.486,0,0
leveldb,churn,1596,15.242,0,0
leveldb,churn,1597,12.138,0,0
leveldb,churn,1598,17.265,0,0
leveldb,churn,1599,17.107,0,0
leveldb,churn,1600,25.033,58062931,0
leveldb,churn,1601,28.029,0,0
leveldb,churn,1602,16.491,0,0
leveldb,churn,1603,15.236,0,0
leveldb,churn,1604,15.582,0,0
leveldb,churn,1605,16.849,0,0
leveldb,churn,1606,18.246,0,0
leveldb,churn,1607,11.822,0,0
leveldb,churn,1608,13.193,0,0
leveldb,churn,1609,16.651,0,0
leveldb,churn,1610,19.127,54199426,0
leveldb,churn,1611,11.063,0,0
leveldb,churn,1612,12.388,0,0
leveldb,churn,1613,12.235,0,0
leveldb,churn,1614,15.753,0,0
leveldb,churn,1615,16.991,0,0
leveldb,churn,1616,19.530,0,0
leveldb,churn,1617,14.847,0,0
leveldb,churn,1618,13.914,0,0
leveldb,churn,1619,15.457,0,0
leveldb,churn,1620,24.394,53690908,0
leveldb,churn,1621,17.584,0,0
leveldb,churn,1622,14.396,0,0
leveldb,churn,1623,14.884,0,0
leveldb,churn,1624,16.347,0,0
leveldb,churn,1625,23.507,0,0
leveldb,churn,1626,16.000,0,0
leveldb,churn,1627,11.987,0,0
leveldb,churn,1628,12.961,0,0
leveldb,churn,1629,12.819,0,0
leveldb,churn,1630,13.253,56515817,0
leveldb,churn,1631,15.134,0,0
leveldb,churn,1632,14.820,0,0
leveldb,churn,1633,14.535,0,0
leveldb,churn,1634,10.752,0,0
leveldb,churn,1635,13.379,0,0
leveldb,churn,1636,14.250,0,0
leveldb,churn,1637,12.089,0,0
leveldb,churn,1638,13.400,0,0
leveldb,churn,1639,13.253,0,0
leveldb,churn,1640,15.830,58466134,0
leveldb,churn,1641,14.165,0,0
leveldb,churn,1642,16.552,0,0
leveldb,churn,1643,12.365,0,0
leveldb,churn,1644,14.505,0,0
leveldb,churn,1645,15.408,0,0
leveldb,churn,1646,15.141,0,0
leveldb,churn,1647,21.994,0,0
leveldb,churn,1648,11.831,0,0
leveldb,churn,1649,14.068,0,0
leveldb,churn,1650,24.283,52574619,0
leveldb,churn,1651,13.002,0,0
leveldb,churn,1652,12.343,0,0
leveldb,churn,1653,12.682,0,0
leveldb,churn,1654,21.604,0,0
leveldb,churn,1655,18.928,0,0
leveldb,churn,1656,13.194,0,0
leveldb,churn,1657,16.640,0,0
leveldb,churn,1658,13.338,0,0
leveldb,churn,1659,13.893,0,0
leveldb,churn,1660,11.992,58888336,0
leveldb,churn,1661,13.272,0,0
leveldb,churn,1662,13.749,0,0
leveldb,churn,1663,20.646,0,0
leveldb,churn,1664,18.976,0,0
leveldb,churn,1665,12.483,0,0
leveldb,churn,1666,23.234,0,0
leveldb,churn,1667,24.874,0,0
leveldb,churn,1668,23.551,0,0
leveldb,churn,1669,12.359,0,0
leveldb,churn,1670,12.577,51089872,0
leveldb,churn,1671,14.435,0,0
leveldb,churn,1672,15.807,0,0
leveldb,churn,1673,16.966,0,0
leveldb,churn,1674,12.977,0,0
leveldb,churn,1675,17.391,0,0
leveldb,churn,1676,18.323,0,0
leveldb,churn,1677,16.336,0,0
leveldb,churn,1678,11.457,0,0
leveldb,churn,1679,21.280,0,0
leveldb,churn,1680,17.154,56004765,0
leveldb,churn,1681,15.030,0,0
leveldb,churn,1682,15.279,0,0
leveldb,churn,1683,16.739,0,0
leveldb,churn,1684,14.743,0,0
leveldb,churn,1685,17.950,0,0
leveldb,churn,1686,20.300,0,0
leveldb,churn,1687,19.837,0,0
leveldb,churn,1688,25.645,0,0
leveldb,churn,1689,16.365,0,0
leveldb,churn,1690,12.747,51205362,0
leveldb,churn,1691,13.567,0,0
leveldb,churn,1692,20.026,0,0
leveldb,churn,1693,13.176,0,0
leveldb,churn,1694,15.283,0,0
leveldb,churn,1695,12.596,0,0
leveldb,churn,1696,13.521,0,0
leveldb,churn,1697,17.223,0,0
leveldb,churn,1698,19.017,0,0
leveldb,churn,1699,12.456,0,0
leveldb,churn,1700,17.977,55404717,0
leveldb,churn,1701,16.394,0,0
leveldb,churn,1702,11.658,0,0
leveldb,churn,1703,13.604,0,0
leveldb,churn,1704,13.929,0,0
leveldb,churn,1705,12.126,0,0
leveldb,churn,1706,11.909,0,0
leveldb,churn,1707,14.888,0,0
leveldb,churn,1708,18.939,0,0
leveldb,churn,1709,13.062,0,0
leveldb,churn,1710,16.051,59788842,0
leveldb,churn,1711,14.212,0,0
leveldb,churn,1712,15.320,0,0
leveldb,churn,1713,16.859,0,0
leveldb,churn,1714,20.954,0,0
leveldb,churn,1715,24.202,0,0
leveldb,churn,1716,12.642,0,0
leveldb,churn,1717,15.250,0,0
leveldb,churn,1718,11.410,0,0
leveldb,churn,1719,11.845,0,0
leveldb,churn,1720,19.437,55674180,0
leveldb,churn,1721,16.951,0,0
leveldb,churn,1722,18.093,0,0
leveldb,churn,1723,17.706,0,0
leveldb,churn,1724,17.990,0,0
leveldb,churn,1725,20.338,0,0
leveldb,churn,1726,11.751,0,0
leveldb,churn,1727,13.121,0,0
leveldb,churn,1728,12.897,0,0
leveldb,churn,1729,15.996,0,0
leveldb,churn,1730,17.006,52537049,0
leveldb,churn,1731,12.875,0,0
leveldb,churn,1732,12.927,0,0
leveldb,churn,1733,11.540,0,0
leveldb,churn,1734,12.033,0,0
leveldb,churn,1735,12.202,0,0
leveldb,churn,1736,14.685,0,0
leveldb,churn,1737,15.871,0,0
leveldb,churn,1738,17.911,0,0
leveldb,churn,1739,25.371,0,0
leveldb,churn,1740,13.506,52367317,0
leveldb,churn,1741,11.258,0,0
leveldb,churn,1742,16.084,0,0
leveldb,churn,1743,17.781,0,0
leveldb,churn,1744,15.448,0,0
leveldb,churn,1745,15.850,0,0
leveldb,churn,1746,18.322,0,0
leveldb,churn,1747,13.984,0,0
leveldb,churn,1748,15.151,0,0
leveldb,churn,1749,16.966,0,0
leveldb,churn,1750,10.364,52672859,0
leveldb,churn,1751,14.667,0,0
leveldb,churn,1752,13.273,0,0
leveldb,churn,1753,12.394,0,0
leveldb,churn,1754,10.956,0,0
leveldb,churn,1755,12.480,0,0
leveldb,churn,1756,11.855,0,0
leveldb,churn,1757,14.195,0,0
leveldb,churn,1758,13.864,0,0
leveldb,churn,1759,14.605,0,0
leveldb,churn,1760,14.033,57549437,0
leveldb,churn,1761,16.759,0,0
leveldb,churn,1762,14.650,0,0
leveldb,churn,1763,12.477,0,0
leveldb,churn,1764,13.273,0,0
leveldb,churn,1765,13.813,0,0
leveldb,churn,1766,14.299,0,0
leveldb,churn,1767,12.193,0,0
leveldb,churn,1768,18.613,0,0
leveldb,churn,1769,15.626,0,0
leveldb,churn,1770,15.399,57319137,0
leveldb,churn,1771,17.079,0,0
leveldb,churn,1772,18.966,0,0
leveldb,churn,1773,16.895,0,0
leveldb,churn,1774,17.386,0,0
leveldb,churn,1775,13.822,0,0
leveldb,churn,1776,18.209,0,0
leveldb,churn,1777,40.365,0,0
leveldb,churn,1778,35.122,0,0
leveldb,churn,1779,14.577,0,0
leveldb,churn,1780,20.241,51407114,0
leveldb,churn,1781,19.092,0,0
leveldb,churn,1782,19.249,0,0
leveldb,churn,1783,23.465,0,0
leveldb,churn,1784,17.189,0,0
leveldb,churn,1785,13.735,0,0
leveldb,churn,1786,14.895,0,0
leveldb,churn,1787,13.350,0,0
leveldb,churn,1788,16.697,0,0
leveldb,churn,1789,15.161,0,0
leveldb,churn,1790,15.164,55897156,0
leveldb,churn,1791,21.703,0,0
leveldb,churn,1792,10.271,0,0
leveldb,churn,1793,22.031,0,0
leveldb,churn,1794,14.868,0,0
leveldb,churn,1795,21.463,0,0
leveldb,churn,1796,17.868,0,0
leveldb,churn,1797,14.620,0,0
leveldb,churn,1798,14.565,0,0
leveldb,churn,1799,15.945,0,0
leveldb,churn,1800,42.098,50857153,0
leveldb,churn,1801,31.802,0,0
leveldb,churn,1802,23.716,0,0
leveldb,churn,1803,29.119,0,0
leveldb,churn,1804,35.133,0,0
leveldb,churn,1805,15.225,0,0
leveldb,churn,1806,20.425,0,0
leveldb,churn,1807,13.029,0,0
leveldb,churn,1808,21.020,0,0
leveldb,churn,1809,28.800,0,0
leveldb,churn,1810,27.904,56550021,0
leveldb,churn,1811,39.451,0,0
leveldb,churn,1812,53.380,0,0
leveldb,churn,1813,51.767,0,0
leveldb,churn,1814,34.525,0,0
leveldb,churn,1815,22.159,0,0
leveldb,churn,1816,62.331,0,0
leveldb,churn,1817,17.514,0,0
leveldb,churn,1818,15.978,0,0
leveldb,churn,1819,24.136,0,0
leveldb,churn,1820,25.418,48763557,0
leveldb,churn,1821,20.202,0,0
leveldb,churn,1822,18.072,0,0
leveldb,churn,1823,26.881,0,0
leveldb,churn,1824,17.163,0,0
leveldb,churn,1825,27.432,0,0
leveldb,churn,1826,16.220,0,0
leveldb,churn,1827,13.650,0,0
leveldb,churn,1828,15.591,0,0
leveldb,churn,1829,13.637,0,0
leveldb,churn,1830,12.295,56433683,0
leveldb,churn,1831,18.840,0,0
leveldb,churn,1832,18.585,0,0
leveldb,churn,1833,18.593,0,0
leveldb,churn,1834,11.307,0,0
leveldb,churn,1835,13.381,0,0
leveldb,churn,1836,11.674,0,0
leveldb,churn,1837,12.552,0,0
leveldb,churn,1838,13.210,0,0
leveldb,churn,1839,15.460,0,0
leveldb,churn,1840,21.848,49670857,0
leveldb,churn,1841,21.338,0,0
leveldb,churn,1842,13.449,0,0
leveldb,churn,1843,18.158,0,0
leveldb,churn,1844,15.279,0,0
leveldb,churn,1845,18.176,0,0
leveldb,churn,1846,14.107,0,0
leveldb,churn,1847,13.449,0,0
leveldb,churn,1848,19.084,0,0
leveldb,churn,1849,10.607,0,0
leveldb,churn,1850,16.219,56926373,0
leveldb,churn,1851,13.745,0,0
leveldb,churn,1852,14.357,0,0
leveldb,churn,1853,11.067,0,0
leveldb,churn,1854,11.163,0,0
leveldb,churn,1855,11.491,0,0
leveldb,churn,1856,18.034,0,0
leveldb,churn,1857,12.791,0,0
leveldb,churn,1858,13.650,0,0
leveldb,churn,1859,16.181,0,0
leveldb,churn,1860,18.195,59047589,0
leveldb,churn,1861,20.113,0,0
leveldb,churn,1862,12.320,0,0
leveldb,churn,1863,22.435,0,0
leveldb,churn,1864,12.361,0,0
leveldb,churn,1865,12.323,0,0
leveldb,churn,1866,13.729,0,0
leveldb,churn,1867,14.115,0,0
leveldb,churn,1868,13.651,0,0
leveldb,churn,1869,15.404,0,0
leveldb,churn,1870,18.274,54127828,0
leveldb,churn,1871,24.761,0,0
leveldb,churn,1872,18.849,0,0
leveldb,churn,1873,13.937,0,0
leveldb,churn,1874,23.808,0,0
leveldb,churn,1875,10.753,0,0
leveldb,churn,1876,16.728,0,0
leveldb,churn,1877,12.866,0,0
leveldb,churn,1878,16.644,0,0
leveldb,churn,1879,15.192,0,0
leveldb,churn,1880,18.644,55792404,0
leveldb,churn,1881,14.476,0,0
leveldb,churn,1882,26.633,0,0
leveldb,churn,1883,10.439,0,0
leveldb,churn,1884,11.830,0,0
leveldb,churn,1885,12.846,0,0
leveldb,churn,1886,19.637,0,0
leveldb,churn,1887,16.589,0,0
leveldb,churn,1888,16.350,0,0
leveldb,churn,1889,15.312,0,0
leveldb,churn,1890,13.924,56162353,0
leveldb,churn,1891,14.290,0,0
leveldb,churn,1892,18.552,0,0
leveldb,churn,1893,12.143,0,0
leveldb,churn,1894,16.371,0,0
leveldb,churn,1895,16.854,0,0
leveldb,churn,1896,11.343,0,0
leveldb,churn,1897,23.017,0,0
leveldb,churn,1898,16.933,0,0
leveldb,churn,1899,11.990,0,0
leveldb,churn,1900,11.121,61371984,0
leveldb,churn,1901,12.756,0,0
leveldb,churn,1902,15.360,0,0
leveldb,churn,1903,13.398,0,0
leveldb,churn,1904,12.570,0,0
leveldb,churn,1905,17.575,0,0
leveldb,churn,1906,15.816,0,0
leveldb,churn,1907,16.987,0,0
leveldb,churn,1908,14.784,0,0
leveldb,churn,1909,11.016,0,0
leveldb,churn,1910,15.420,61690881,0
leveldb,churn,1911,13.822,0,0
leveldb,churn,1912,31.718,0,0
leveldb,churn,1913,22.639,0,0
leveldb,churn,1914,18.441,0,0
leveldb,churn,1915,20.183,0,0
leveldb,churn,1916,22.105,0,0
leveldb,churn,1917,46.444,0,0
leveldb,churn,1918,39.583,0,0
leveldb,churn,1919,20.075,0,0
leveldb,churn,1920,35.949,55434779,0
leveldb,churn,1921,31.853,0,0
leveldb,churn,1922,32.712,0,0
leveldb,churn,1923,13.073,0,0
leveldb,churn,1924,12.881,0,0
leveldb,churn,1925,13.680,0,0
leveldb,churn,1926,14.905,0,0
leveldb,churn,1927,19.539,0,0
leveldb,churn,1928,17.049,0,0
leveldb,churn,1929,14.561,0,0
leveldb,churn,1930,18.253,62766009,0
leveldb,churn,1931,14.200,0,0
leveldb,churn,1932,15.108,0,0
leveldb,churn,1933,12.025,0,0
leveldb,churn,1934,12.658,0,0
leveldb,churn,1935,17.285,0,0
leveldb,churn,1936,17.278,0,0
leveldb,churn,1937,12.363,0,0
leveldb,churn,1938,12.121,0,0
leveldb,churn,1939,13.099,0,0
leveldb,churn,1940,18.245,51952883,0
leveldb,churn,1941,18.667,0,0
leveldb,churn,1942,9.956,0,0
leveldb,churn,1943,13.213,0,0
leveldb,churn,1944,19.321,0,0
leveldb,churn,1945,16.698,0,0
leveldb,churn,1946,19.777,0,0
leveldb,churn,1947,11.707,0,0
leveldb,churn,1948,13.423,0,0
leveldb,churn,1949,15.197,0,0
leveldb,churn,1950,12.717,58590553,0
leveldb,churn,1951,10.074,0,0
leveldb,churn,1952,12.693,0,0
leveldb,churn,1953,13.555,0,0
leveldb,churn,1954,14.970,0,0
leveldb,churn,1955,14.116,0,0
leveldb,churn,1956,13.555,0,0
leveldb,churn,1957,12.066,0,0
leveldb,churn,1958,19.609,0,0
leveldb,churn,1959,20.251,0,0
leveldb,churn,1960,12.668,51581841,0
leveldb,churn,1961,10.860,0,0
leveldb,churn,1962,14.968,0,0
leveldb,churn,1963,19.129,0,0
leveldb,churn,1964,17.539,0,0
leveldb,churn,1965,15.193,0,0
leveldb,churn,1966,13.395,0,0
leveldb,churn,1967,15.175,0,0
leveldb,churn,1968,17.342,0,0
leveldb,churn,1969,11.979,0,0
leveldb,churn,1970,20.232,56451948,0
leveldb,churn,1971,20.674,0,0
leveldb,churn,1972,21.055,0,0
leveldb,churn,1973,15.724,0,0
leveldb,churn,1974,14.073,0,0
leveldb,churn,1975,12.603,0,0
leveldb,churn,1976,15.041,0,0
leveldb,churn,1977,16.387,0,0
leveldb,churn,1978,17.760,0,0
leveldb,churn,1979,15.241,0,0
leveldb,churn,1980,11.482,61610146,0
leveldb,churn,1981,10.967,0,0
leveldb,churn,1982,15.446,0,0
leveldb,churn,1983,14.304,0,0
leveldb,churn,1984,19.221,0,0
leveldb,churn,1985,25.552,0,0
leveldb,churn,1986,15.836,0,0
leveldb,churn,1987,24.428,0,0
leveldb,churn,1988,19.726,0,0
leveldb,churn,1989,21.467,0,0
leveldb,churn,1990,19.663,64086516,0
leveldb,churn,1991,13.758,0,0
leveldb,churn,1992,18.331,0,0
leveldb,churn,1993,12.937,0,0
leveldb,churn,1994,13.345,0,0
leveldb,churn,1995,19.972,0,0
leveldb,churn,1996,17.287,0,0
leveldb,churn,1997,15.986,0,0
leveldb,churn,1998,11.972,0,0
leveldb,churn,1999,11.900,57717403,0
leveldb,pressure,0,8.824,59369076,0
leveldb,pressure,1,10.598,0,0
leveldb,pressure,2,9.352,0,0
leveldb,pressure,3,8.885,0,0
leveldb,pressure,4,7.697,0,0
leveldb,pressure,5,8.507,58420076,0
leveldb,pressure,6,8.905,0,0
leveldb,pressure,7,9.998,0,0
leveldb,pressure,8,15.528,0,0
leveldb,pressure,9,13.613,0,0
leveldb,pressure,10,10.357,52187725,0
leveldb,pressure,11,9.226,0,0
leveldb,pressure,12,8.721,0,0
leveldb,pressure,13,9.993,0,0
leveldb,pressure,14,9.400,0,0
leveldb,pressure,15,9.301,55700142,0
leveldb,pressure,16,7.494,0,0
leveldb,pressure,17,9.447,0,0
leveldb,pressure,18,8.287,0,0
leveldb,pressure,19,10.169,0,0
leveldb,pressure,20,9.443,59048381,0
leveldb,pressure,21,9.477,0,0
leveldb,pressure,22,13.275,0,0
leveldb,pressure,23,12.862,0,0
leveldb,pressure,24,17.518,0,0
leveldb,pressure,25,12.884,50565106,0
leveldb,pressure,26,11.742,0,0
leveldb,pressure,27,12.193,0,0
leveldb,pressure,28,11.179,0,0
leveldb,pressure,29,12.357,0,0
leveldb,pressure,30,8.756,54153727,0
leveldb,pressure,31,10.032,0,0
leveldb,pressure,32,28.421,0,0
leveldb,pressure,33,10.843,0,0
leveldb,pressure,34,9.542,0,0
leveldb,pressure,35,12.827,57778652,0
leveldb,pressure,36,10.432,0,0
leveldb,pressure,37,17.096,0,0
leveldb,pressure,38,14.087,0,0
leveldb,pressure,39,16.473,0,0
leveldb,pressure,40,10.855,65722100,0
leveldb,pressure,41,16.548,0,0
leveldb,pressure,42,9.819,0,0
leveldb,pressure,43,10.324,0,0
leveldb,pressure,44,10.153,0,0
leveldb,pressure,45,9.498,52511786,0
leveldb,pressure,46,13.307,0,0
leveldb,pressure,47,9.471,0,0
leveldb,pressure,48,10.958,0,0
leveldb,pressure,49,11.381,0,0
leveldb,pressure,50,10.940,56383003,0
leveldb,pressure,51,11.258,0,0
leveldb,pressure,52,12.498,0,0
leveldb,pressure,53,17.047,0,0
leveldb,pressure,54,12.267,0,0
leveldb,pressure,55,13.184,62868594,0
leveldb,pressure,56,10.730,0,0
leveldb,pressure,57,13.483,0,0
leveldb,pressure,58,12.625,0,0
leveldb,pressure,59,15.404,0,0
leveldb,pressure,60,15.350,55412923,0
leveldb,pressure,61,15.601,0,0
leveldb,pressure,62,15.357,0,0
leveldb,pressure,63,15.697,0,0
leveldb,pressure,64,8.607,0,0
leveldb,pressure,65,11.877,50528379,0
leveldb,pressure,66,12.923,0,0
leveldb,pressure,67,16.996,0,0
leveldb,pressure,68,9.606,0,0
leveldb,pressure,69,10.784,0,0
leveldb,pressure,70,8.629,54313625,0
leveldb,pressure,71,14.788,0,0
leveldb,pressure,72,23.326,0,0
leveldb,pressure,73,9.525,0,0
leveldb,pressure,74,22.434,0,0
leveldb,pressure,75,7.263,58036410,0
leveldb,pressure,76,7.822,0,0
leveldb,pressure,77,7.889,0,0
leveldb,pressure,78,8.250,0,0
leveldb,pressure,79,11.041,0,0
leveldb,pressure,80,7.782,61332964,0
leveldb,pressure,81,8.584,0,0
leveldb,pressure,82,10.937,0,0
leveldb,pressure,83,9.142,0,0
leveldb,pressure,84,8.933,0,0
leveldb,pressure,85,11.456,60041371,0
leveldb,pressure,86,12.637,0,0
leveldb,pressure,87,10.889,0,0
leveldb,pressure,88,12.723,0,0
leveldb,pressure,89,14.087,0,0
leveldb,pressure,90,9.474,65997064,0
leveldb,pressure,91,9.964,0,0
leveldb,pressure,92,9.804,0,0
leveldb,pressure,93,18.690,0,0
leveldb,pressure,94,13.715,0,0
leveldb,pressure,95,17.011,61162829,0
leveldb,pressure,96,14.825,0,0
leveldb,pressure,97,9.485,0,0
leveldb,pressure,98,16.034,0,0
leveldb,pressure,99,13.016,55377052,0
